Full Name,Phone Number,Email Address,Job Title,City
Katherine Leonard,45845212219,jeffrey20@example.net,Equities trader,South Claudia
Rebecca Osborn,18652150821,nmoore@example.net,Market researcher,North Robertbury
Brianna Campbell,13589825569,helenhill@example.org,Agricultural engineer,Carolmouth
Amber Howard,35461038032,usmith@example.org,Tree surgeon,New Ellenport
Laura Becker,18032938485,mwilson@example.net,"Investment banker, operational",South Brandi
Tony Brooks,38572995051,thomas97@example.com,"Teacher, English as a foreign language",New Garyport
Thomas Smith,16795337039,dunndaniel@example.org,Music tutor,Farmerside
Brendan Brown,15613466750,lopezronald@example.com,"Psychologist, prison and probation services",New Elizabethburgh
Travis Gibson,14703347581,williamharris@example.net,Environmental consultant,New Wayneville
Todd Choi,19726515537,njackson@example.org,Systems developer,Ortizville
Patrick Stout,94397494055,kevin89@example.org,Set designer,East Danielle
Robin Brown,15748421445,hollyjenkins@example.org,Translator,Mikaylashire
Ronald Smith,75462169600,kaitlyn94@example.org,Psychiatrist,New Heathermouth
Charles Stephens,18378157229,vincentford@example.com,Financial planner,Allenchester
Lorraine Edwards,19357762841,kimberlygiles@example.com,"Engineer, biomedical",South Amyton
Russell Conner,12184214283,ssmith@example.org,Contractor,Lake Kristishire
William Bailey,76150328401,lisa04@example.org,"Scientist, clinical (histocompatibility and immunogenetics)",Martinezview
Miss Ann Brown,19694500456,brettwilliams@example.org,Statistician,South Melissa
Samantha Garcia DDS,37575051380,gina07@example.org,Research scientist (maths),West Scottstad
Kristen Murray,18396605954,vbecker@example.com,Airline pilot,Pruittside
Ryan Johnson,16047157447,nicholasabbott@example.net,Photographer,East Debra
Patricia Brewer,89467192991,yangjeremy@example.com,Diplomatic Services operational officer,North Annefurt
Tonya Lara,17604208217,amberbauer@example.com,Chief Financial Officer,New Laurabury
Dawn Newman,44547807792,vasquezrichard@example.net,Art therapist,Pamelamouth
Robert Cobb,17445113693,brittanypaul@example.net,Warehouse manager,West John
Susan Phillips,38465137637,christina98@example.org,Pathologist,Mayport
Bryan Cole,12869583843,beckjared@example.org,Research scientist (life sciences),West Ernestmouth
Felicia Taylor,18177734721,ctaylor@example.com,"Therapist, drama",Diazchester
James Watkins,19573055980,ashley70@example.com,Seismic interpreter,Sandrafurt
Krista Duran,67139115429,kaylasmith@example.org,Operational investment banker,Waynechester
Frank Eaton,79795447409,vwilkinson@example.net,"Psychotherapist, dance movement",Williamsmouth
Jenna Sutton,56424521315,dgilmore@example.org,Horticultural therapist,North Susanview
Rachel Atkins,97752226030,vburton@example.net,Nature conservation officer,Port Johnborough
Lisa Rodriguez,52717568184,ymoore@example.net,Art gallery manager,Alvarezfort
Thomas Davis,04906475482,qnelson@example.com,"Teacher, special educational needs",Brandtmouth
Daniel Williams,19495818148,stuart63@example.org,"Scientist, product/process development",Anthonyport
Michaela Rosales,13206399953,tlewis@example.com,Interior and spatial designer,Bettyborough
Christopher Ellis,19249969218,robin38@example.org,Games developer,Port Donna
Michele Small,16484567130,jhunter@example.org,"Designer, graphic",Lake Heatherberg
Sandra Hall,77375628501,mary61@example.net,Materials engineer,Sloanville
David Munoz,02703578190,laurie76@example.net,Publishing copy,West Morgan
Theresa Newman MD,76181818869,gdonaldson@example.net,Personal assistant,Teresatown
Alexa Vega,33006340558,smithkimberly@example.com,Furniture conservator/restorer,Ortizstad
Brent Perez,14915116897,vgriffith@example.net,Art gallery manager,East Seth
Justin Mcmahon,18132391283,tonya23@example.net,"Surveyor, planning and development",Valenzuelaburgh
Mr. Brandon Thompson,16056719811,javier27@example.com,"Scientist, product/process development",New Andrea
Brittney Mccall,19600605653,deborah77@example.net,"Doctor, hospital",Brianstad
Janet Davis,19674158004,rossalexander@example.com,Chiropodist,Ballardfort
Harry Mcdonald,70052654957,lynn60@example.org,Manufacturing systems engineer,Shelbymouth
Alan Murray,16452956336,wguerrero@example.org,"Sound technician, broadcasting/film/video",Bakerview
Mitchell Allen,08934839541,nbrown@example.org,"Research officer, government",Patriciafurt
Tanya Collins,12473321553,flynncourtney@example.net,"Engineer, broadcasting (operations)",North Gregory
Cynthia Vasquez,19798504981,melissaoliver@example.org,Occupational therapist,Port Amyberg
Christopher Williams,16958412428,harriskimberly@example.net,Physiological scientist,New Andrewmouth
John Anderson,38909387365,kristy94@example.net,"Designer, industrial/product",Clarkborough
Mr. Christopher Faulkner,18133075140,osborncolleen@example.com,Lawyer,East Joshua
Amanda Meyer,44838294811,mckaynicole@example.net,Advice worker,Port Frankburgh
Mr. Christopher Mendoza DVM,46905109312,christopher13@example.com,Emergency planning/management officer,Port Marytown
Timothy Cummings,12824719642,leonnunez@example.net,Water engineer,West Juanberg
Emily Hines,49357395771,kimberly94@example.org,Rural practice surveyor,Moorefort
Timothy Black,47036594936,jonesdonald@example.net,Firefighter,Brittanychester
William Fisher,54111531128,mirandamichelle@example.com,"Merchandiser, retail",Port Elizabeth
Theresa Farmer,07311314369,elizabethpope@example.com,Midwife,East Kathleenport
John Barnes,13539851294,hfitzpatrick@example.org,Nutritional therapist,Thomasstad
Stacey Hunter,15656175757,sarahmitchell@example.org,"Administrator, local government",North Caleb
Emily Walker,95988626455,karenalexander@example.org,"Nurse, adult",Taylorton
Mark Chavez,16884679553,jason10@example.com,Counselling psychologist,Derektown
Michael Mcdonald,75310977902,vernon59@example.net,Translator,New Joshua
Richard Bullock,15034853475,rmiller@example.net,Risk analyst,East Thomasfort
Gilbert Collins,96838834849,jsanders@example.org,Geoscientist,Mcneilview
Kristin Turner,19156105668,thomas84@example.net,Advertising account executive,North Gary
Raymond Christensen,68694646711,rnewman@example.org,"Accountant, chartered",North Adrian
Tina Mays,16159493444,tanderson@example.com,"Teacher, English as a foreign language",Humphreyborough
Robert Maldonado,66186318335,brucejones@example.org,Recycling officer,Mendozaland
Brandon Garcia,89903812716,wharris@example.org,Early years teacher,Lake Angelaside
Fernando Burke,56909683773,burnettlinda@example.com,Public house manager,North Jason
Holly Love,16114220575,amycoleman@example.org,Analytical chemist,Harrismouth
Jim Hardin,56960928698,janet45@example.org,"Runner, broadcasting/film/video",West William
Luke Donaldson,19327826350,bradfordstephanie@example.org,"Secretary, company",Victorview
Alice Rodriguez,01440812119,tammy55@example.com,Occupational therapist,Tammyfurt
Julie Davis,45239552837,thomas02@example.com,Financial risk analyst,Michealburgh
Raymond Maldonado,50230785017,romerotimothy@example.com,Recycling officer,Fosterborough
Lisa Porter,17762743580,rodriguezsuzanne@example.net,"Accountant, chartered management",Rileyville
William Hays,03889394382,david68@example.net,Company secretary,Lake Brandi
Connie Roman,06395485895,morsemadison@example.org,"Civil engineer, consulting",East Billside
Shawn Anderson,15258907926,spencergary@example.org,"Scientist, research (life sciences)",Ashleyburgh
Anthony Martinez,41541663609,richardsonrichard@example.org,"Runner, broadcasting/film/video",Rayfurt
David Brown,16894751846,jarvisjames@example.net,"Teacher, early years/pre",Audreystad
Jeffrey Andersen,41054626632,erin39@example.net,Warehouse manager,Donaldsonhaven
Robert Vasquez,91198059684,glenguerrero@example.net,Furniture designer,Smithchester
Samantha Jackson,74867905254,william30@example.com,"Designer, jewellery",Port Andrea
James Stokes,80382976512,frenchashley@example.org,"Engineer, production",South Danielbury
Isabella Kline,18282218902,calhounkristen@example.net,"Accountant, chartered",North Melissabury
Amanda Day,55072136611,ashleybrown@example.net,Purchasing manager,New Tammy
Jill Henry,83626252546,michaelwood@example.net,Homeopath,North Jared
Glen Malone,27420909831,pamelawhite@example.net,Magazine features editor,Mullenland
John Thompson,14677255542,hjohnson@example.org,"Geologist, engineering",Caldwellville
Jacob Singh,18156754305,garciajessica@example.com,Exhibition designer,Mckeeville
Michael Martin,37512667385,belinda78@example.org,Water quality scientist,Hernandezfurt
Jonathan Morgan,42508592691,muellerjoshua@example.net,Aeronautical engineer,Georgefort
Michael Scott,13038745708,hjenkins@example.org,"Teacher, primary school",Laurenchester
Christopher Brooks,15155459448,pjohnson@example.com,Neurosurgeon,West Amyport
Ryan Underwood,17653534352,glennmorgan@example.org,Environmental consultant,Port Jennifer
Lisa Gates,63341117005,esanchez@example.com,Further education lecturer,New John
Allison Weiss,53941557955,tiffany98@example.net,"Psychotherapist, dance movement",New Jamesland
Steven Patterson,14776165961,bruce46@example.org,Scientific laboratory technician,Bonniehaven
Darryl Jones,26039760797,david10@example.com,Magazine journalist,South Markview
Randy Perez,31532754928,gcummings@example.com,Homeopath,South Teresa
Chad Smith,22836492757,vwilliams@example.com,"Designer, television/film set",West Scottville
Dr. Ryan Baker,13943696375,jacquelinefritz@example.net,"Designer, furniture",Rangelchester
David Hernandez,05565318948,markmartinez@example.net,"Surveyor, land/geomatics",Davisborough
Angel Callahan,08218478002,reneestone@example.com,Materials engineer,South George
Matthew Flores,82992430203,clarkdanielle@example.com,Tour manager,South Melanieport
John Jackson,95096018640,joshuaboone@example.org,Bookseller,North Carlosview
Sharon Chambers,15797426170,andersonsamantha@example.com,Clinical molecular geneticist,Boothchester
Jessica Pollard,15082630418,wbishop@example.net,Surgeon,West Alexandrachester
Tracy Wiley,16625935769,joelkeith@example.com,Archivist,Acevedoland
Jeremy Vasquez,15026349590,sarathornton@example.net,Civil Service fast streamer,East Kendratown
Carol Morgan,57525082274,patricia43@example.org,Metallurgist,Port Angela
Victoria Pope,80282408117,cody96@example.com,"Lecturer, higher education",North Hannah
Willie Richardson,14026691800,mckinneymichael@example.net,"Investment banker, operational",Zacharyfort
Colleen Patton,28385676311,ystout@example.net,Historic buildings inspector/conservation officer,Michelleside
John Villarreal,86444862449,anneboyd@example.com,Dance movement psychotherapist,Thomasburgh
Faith Henderson,82744473666,pamela78@example.com,Public relations account executive,West Charles
Sarah Castillo,18989761818,janeallen@example.com,"Programmer, systems",Lake Matthewburgh
Kristin Klein,18279564133,xbailey@example.com,Recycling officer,Wilsonview
Corey Salas,81342453173,hannahmurphy@example.net,Probation officer,Hicksberg
Katrina Garcia,68162892773,carterrhonda@example.net,Retail banker,Veronicaside
Mallory Wade,23971501836,joseph35@example.com,Farm manager,North Richard
Sara Yang,68292992874,ucurtis@example.org,"Librarian, academic",East Scott
Elizabeth Duncan,17822732447,marvindavis@example.com,Optometrist,Port Jenniferfort
Fernando Franklin,18786673749,katie31@example.com,Medical secretary,Port Brittanyland
Timothy Brown,58937044098,duffykevin@example.net,Structural engineer,Melissaburgh
Jason Russell,12732407773,patricia02@example.net,Risk analyst,Jamiehaven
Shannon Liu,12514244697,crystalmaxwell@example.com,Optometrist,New Richard
Martha Bates,16409914056,reedmisty@example.net,"Horticulturist, amenity",New Jack
Taylor Reid,72670041033,psanchez@example.com,Hydrogeologist,New Sheila
Paul Davis,59315222048,atrevino@example.org,Financial planner,Craigbury
Natalie Reyes,02045522650,amason@example.org,Media buyer,Kelseyfurt
Allison Vaughn,68541458662,carol10@example.org,Human resources officer,Mitchellton
Tiffany Henderson,19019691602,james14@example.com,Television camera operator,Jesseberg
Tina Horn,94795232600,lacey13@example.com,"Therapist, speech and language",Matthewborough
Tim Eaton,71282520738,carrie84@example.com,Occupational therapist,Josephtown
Makayla Bridges,76182151237,brittanyschultz@example.com,Forest/woodland manager,Baileyfurt
Andrew Huynh,12436438917,lsanders@example.org,Arts development officer,South Michael
Paula Wood,66734811578,stephanielopez@example.com,Tree surgeon,Smithmouth
Corey Rodriguez,19036781401,henry91@example.net,Armed forces logistics/support/administrative officer,New Margarethaven
Emma Murphy,76499326324,cristina86@example.com,Arts development officer,Hendersonborough
James Tran,16610221545,wrodriguez@example.com,Speech and language therapist,Port Jacquelineberg
Rodney Foster,77790701595,christopher45@example.com,Broadcast journalist,Hendrixhaven
John Rodriguez,97684034855,cbarnes@example.com,Research scientist (medical),New Susan
Stephen Sosa,17267237342,poncemorgan@example.org,Applications developer,South Robertotown
Sierra Grant,67220521814,hallmatthew@example.org,Biomedical engineer,North Victorbury
Misty Le,38861606235,anthonymcgrath@example.org,Environmental health practitioner,Changborough
Scott Dominguez,34469342219,dakota07@example.org,Copy,West Jerryville
Brett Ramirez,38820943789,daviskaren@example.com,Patent attorney,Robertfort
Patrick Richards,29840703715,mary12@example.net,Chiropodist,Port James
Mrs. Kimberly Nelson,14356400637,scottcooke@example.net,Research scientist (life sciences),Barkerview
Marisa Burns,18587857928,katie25@example.net,Public house manager,Mannview
David Osborn,14677569105,xmurray@example.com,Educational psychologist,Josephhaven
Denise Young,46717052985,michaelallen@example.org,"Scientist, water quality",Russellborough
Daniel Cooper,14795084724,wanda90@example.com,"Administrator, local government",New Bridget
Kelly Leach,90870971957,dbrown@example.net,"Radiographer, diagnostic",South Robertmouth
Marvin Young,08215025364,hadams@example.net,Scientific laboratory technician,Gutierrezfurt
Toni Lee,15373993877,kathleen74@example.org,Oceanographer,West Amandastad
Jessica Sanchez,18625122561,ramseydenise@example.net,"Buyer, retail",Steveside
Cassandra Turner,31384235535,hholt@example.net,Newspaper journalist,Audreystad
Amy Trevino,83200791961,kara84@example.com,Garment/textile technologist,Port Tracyhaven
Jennifer Contreras,32114668366,angelamarshall@example.net,"Journalist, newspaper",West Thomas
Timothy Johnson,65716028805,sotolaura@example.com,Passenger transport manager,Brownfurt
Christopher Smith,17363629103,ecowan@example.org,"Therapist, occupational",Port Michaelmouth
Heather Perez,95933364978,morrisjohn@example.net,Land,Annamouth
Katherine Mendoza,84163335636,jacksonjanice@example.org,"Engineer, maintenance",Ellismouth
Ashley Johnston,89188060131,holly46@example.net,Broadcast engineer,East Brianna
Jason Quinn,15222594365,travishall@example.net,"Nurse, mental health",Connorburgh
Laura Clements,85729934480,nyoung@example.net,Visual merchandiser,West Chloefort
Jack Klein,38244957290,emma96@example.com,Retail manager,Gonzalezhaven
Jonathan Lane,52717539975,russelloneal@example.org,Special effects artist,Brookshaven
Lisa Beltran,19050109252,eflores@example.net,Ship broker,Collinsfurt
Chelsea Hubbard,55891468138,grahammatthew@example.com,Operational investment banker,Smithborough
Ryan James,17614918045,renee42@example.net,Tourist information centre manager,Reginatown
Robert Webb,15114926659,hancocktabitha@example.org,"Pilot, airline",West Dianaburgh
Pamela Garcia,13766812801,knoxdana@example.org,"Production assistant, television",East Brooke
Catherine Williams,19902076857,jeremyallen@example.net,"Engineer, broadcasting (operations)",Joshuabury
Ashley Carson,46522909126,jonathan06@example.org,"Therapist, art",Lake Melissa
Jacqueline Lewis,61481406163,rita86@example.net,"Secretary, company",Lake Christopherland
Crystal Nguyen,18859500215,devon04@example.org,Oncologist,Port Scottchester
Michelle Rowland,78354657214,tthomas@example.org,Maintenance engineer,West Nancy
Danielle Mullins,18728840952,johnlynch@example.org,Analytical chemist,Farrellburgh
Charles Thompson,77084182594,burkediane@example.com,"Engineer, land",Blevinsville
Eric Jones,17146566426,charlessnow@example.com,Health physicist,East Catherine
Edward Williams,34634380964,james65@example.com,Company secretary,West Meganstad
Erin Fields,18478594282,patricia42@example.com,Restaurant manager,Spearsbury
Mark Mccoy,86079656812,abeard@example.org,Quarry manager,Lucasville
Terrance Benson,13633713058,cookmonica@example.org,Purchasing manager,Lisamouth
Lisa Bartlett,12495075936,edwardluna@example.net,Industrial/product designer,Kristinaside
John Davidson,47459806992,melissa86@example.com,Claims inspector/assessor,Aguilarshire
Jason Sexton,12274335861,travis48@example.net,Water quality scientist,Lake Joshua
Douglas Gutierrez,74950556085,thomasshelly@example.org,Land,Lake Danielle
Amanda Diaz,16152478182,tinaescobar@example.net,Horticultural consultant,Port Kim
